Marca temporal,Período,Tipo de organismo,Universidades,Empresas Públicas,Entes del Sector Público Nacional,Organismos descentralizados,Administración central y desconcentrada,"1.a) ¿Informa al menos uno de los elementos solicitados? (misión, objetivos, o ambos)","1.b) ¿La información está actualizada? 

- Actualizado (hasta 3 meses inclusive)
- Parcialmente (mayor a 3 meses y hasta 6 meses inclusive)
- Desactualizado (mayor a 6 meses / no hay fecha de actualización)",1.c) ¿La información está disponible en la pestaña de transparencia?,"2.a) ¿Informa los servicios y/o trámites que presta a la ciudadanía? (nombre, descripción y vínculo o link)

- Si (servicios y/o trámites con los 3 requisitos)
- Parcialmente (servicios y/o trámites con al menos 1 requisito)
- No (no presenta información)
- No corresponde (aclara que no cuenta con servicios y/o trámites)","2.b) ¿La información está actualizada?

- Actualizado (hasta 3 meses inclusive)
- Parcialmente (mayor a 3 meses y hasta 6 meses inclusive)
- Desactualizado (mayor a 6 meses / no hay fecha de actualización)",2.c) ¿La información está disponible en la pestaña de transparencia?,"3.i.a) ¿Está completa la información sobre los 3 niveles de autoridades? (con nombre y apellido, cargo o función, DNI o CUIL)

- Si (3 niveles jerárquicos con todos los requisitos)
- Parcialmente (cumple con al menos un nivel de autoridad y/o requisito)
- No (no presenta información)","3.i.b) ¿Está actualizada la información sobre las autoridades?

- Actualizado (hasta 3 meses inclusive)
- Parcialmente (mayor a 3 meses y hasta 6 meses inclusive)
- Desactualizado (mayor a 6 meses / no hay fecha de actualización)",3.i.c) ¿Está disponible en la pestaña de transparencia?,"3.ii.a) ¿El organismo presenta las designaciones de las autoridades de al menos 3 niveles jerárquicos?

- Si (junto con todos los requisitos)
- Parcialmente (al menos un nivel de autoridad y/o requisito)
- No (no presenta información)","3.ii.b) ¿Las designaciones están actualizadas?

- Actualizado (hasta 3 meses inclusive)
- Parcialmente (mayor a 3 meses y hasta 6 meses inclusive)
- Desactualizado (mayor a 6 meses / no hay fecha de actualización)","3.ii.c) ¿Las designaciones se encuentran disponibles en la pestaña de transparencia, y se pueden descargar o acceder al enlace de consulta?","4.i.a) ¿La planilla de personal está completa? (nombre y apellido, DNI o CUIL, escalafón, y modalidad de contratación - o redirige a la BIEP en forma completa)

- Si (presenta una planilla con todos los requisitos)
- Parcialmente (planilla con al menos uno de los campos requeridos)
- No (no presenta planilla de personal / no funciona la BIEP)","4.i.b) ¿La planilla de personal está actualizada? 

- Actualizado (hasta 3 meses inclusive)
- Parcialmente (mayor a 3 meses y hasta 6 meses inclusive)
- Desactualizado (mayor a 6 meses / no hay fecha de actualización)","4.i.c) ¿La planilla de personal se encuentra disponible en la pestaña de transparencia y publicada en formato abierto y reutilizable?

- Si (si cumple con ambos requisitos)
- Parcialmente (al menos un requisito)
- No (no presenta información)","4.ii.a) ¿Presenta un organigrama con la estructura del organismo? (formato .pdf, .jpg, imagen, o en el Mapa del Estado)","4.ii.b) ¿El organigrama se encuentra actualizado?

- Actualizado (hasta 3 meses inclusive)
- Parcialmente (mayor a 3 meses y hasta 6 meses inclusive)
- Desactualizado (mayor a 6 meses / no hay fecha de actualización)",4.ii.c) ¿El organigrama se encuentra disponible en la pestaña de transparencia?,"5.a) ¿El organismo presenta un listado con las DDJJ de 3 niveles de funcionarios/as? (deben estar bien rotuladas con nombre, apellido y cargo que desempeña). En caso que redirija a la Oficina Anticorrupción (OA) se tilda la opción ""Parcialmente"".

- Si (de 3 niveles jerárquicos bien rotulados)
- Parcialmente (al menos 1 nivel de autoridad / algún componente del rótulo / redirige a la Oficina Anticorrupción)
- No (no presenta información)","5.b) ¿Las DDJJ están actualizadas?

- Actualizado (3 niveles de autoridades con DDJJ vigentes)
- Parcialmente (1 o 2 niveles con DDJJ vigentes)
- Desactualizado (ningún nivel de DDJJ vigentes)
- Valor nulo (redirige la Oficina Anticorrupción o completar formulario)","5.c) ¿Están disponibles en la pestaña de transparencia y se pueden descargar?

- Si (cumple con ambos requisitos)
- Parcialmente (al menos 1 requisito /redirige a la OA o se debe completar algún formulario de solicitud)
- No (no cumple requisitos)","6.a) ¿La asignación mensual bruta y los convenios laborales están publicados?

- Si (cumple la información solicitada)
- Parcialmente (falta algún convenio o escala)
- No (no presenta información)","6.b) ¿Están actualizadas?

- Actualizado (hasta 3 meses inclusive)
- Parcialmente (mayor a 3 meses y hasta 6 meses inclusive)
- Desactualizado (mayor a 6 meses / no hay fecha de actualización)","6.c) ¿Se encuentran disponibles en la pestaña de transparencia, y a su vez, se pueden descargar?

- Si (cumple con ambos requisitos)
- Parcialmente (al menos 1 requisito)
- No (no presenta información)","7.a) ¿La información está completa? (presupuesto del año vigente y de dos años previos, junto con la ejecución presupuestaria)

- Si (información completa)
- Parcialmente (al menos 1 requisito)
- No (no presenta información)","7.b) ¿Presenta la ejecución presupuestaria del último trimestre?

- Actualizado (hasta 3 meses inclusive)
- Parcialmente (mayor a 3 meses y hasta 6 meses inclusive)
- Desactualizado (mayor a 6 meses / no hay fecha de actualización)","7.c) ¿El presupuesto se encuentra disponible en la pestaña de transparencia y descargable en formato abierto?

- Si (cumple con ambos requisitos)
- Parcialmente (al menos 1 requisito)
- No (no presenta información)","8.a) ¿Las transferencias muestran toda la información que requiere este apartado?

- Si (cumple con todos los requisitos)
- Parcialmente (cumple con al menos 1 requisito)
- No (no presenta información)
- No corresponde (se explicita que no realiza transferencias)","8.b) ¿Esta sección está actualizada?

- Actualizado (hasta 3 meses inclusive)
- Parcialmente (mayor a 3 meses y hasta 6 meses inclusive)
- Desactualizado (mayor a 6 meses / no hay fecha de actualización)","8.c) ¿La información se encuentra disponible en la pestaña de transparencia, y descargable en formato abierto y reutilizable?

- Si (cumple con todos los requisitos)
- Parcialmente (al menos 1 requisito)
- No (no presenta información)","9.a) ¿Redirige al portal de compras y contrataciones del organismo? Organismos de la Adm. Central, Desconcentrada, y Descentralizada deben presentar a su vez el código del SAF para puntaje completo.

- Si (cumple con toda la información)
- Parcialmente (cumple con parte de la información)
- No (no presenta información)","9.b) ¿La información está actualizada?

- Actualizado (hasta 6 meses inclusive)
- Parcialmente (mayor a 6 meses y hasta 1 año inclusive)
- Desactualizado (mayor a 1 año / no hay fecha de actualización)","9.c) ¿La información se encuentra disponible en la pestaña de transparencia y se puede descargar en formato abierto?

- Si (cumple con todos los requisitos)
- Parcialmente (al menos 1 requisito)
- No (no presenta información)","10.i.a) ¿Están publicados los informes de auditorías o un compendio resumen, tanto del año vigente como de dos años anteriores?

- Si (cumple con todos los requisitos)
- Parcialmente (al menos 1 año de informes)
- No (no presenta información / redirige a SIGEN o formulario para completar)","10.i.b) ¿La información está actualizada?

- Actualizado (hasta 3 meses inclusive)
- Parcialmente (mayor a 3 meses y hasta 6 meses inclusive)
- Desactualizado (mayor a 6 meses / no hay fecha de actualización)","10.i.c) ¿La información se encuentra disponible en la pestaña de transparencia y se puede descargar en formato abierto?

- Si (cumple con todos los requisitos)
- Parcialmente (al menos 1 requisito)
- No (no cumple algún requisito)",10.ii.a) ¿Presenta informes de evaluación?,"10.ii.b) ¿La información está actualizada en forma anual? Se observa la fecha del sitio web en cuestión (del Banco de Evaluaciones o de donde figura las evaluaciones).

- Actualizado (hasta 1 año inclusive)
- Desactualizado (mayor a 1 año / no hay fecha de actualización)","10.ii.c) ¿La información se encuentra disponible en la pestaña de transparencia y se puede descargar en formato abierto?

- Si (cumple con ambos requisitos)
- Parcialmente (al menos 1 requisito)
- No (no cumple con ningún requisito)","11.a) ¿Cumple con todos los requisitos para solicitar información?

- Si (cumple con la información solicitada)
- Parcialmente (al menos 1 requisito)
- No (no presenta información)","11.b) ¿La información del/la responsable de acceso está actualizada? Se constata con el listado de responsables de la Dirección de Acceso a la Información. Las opciones son

- Actualizado (si coincide con el listado)
- Desactualizado (no coincide o no se informó a la AAIP de la designación)",11.c) ¿La información está disponible en la pestaña de transparencia?,"12.a) ¿Hay información del Responsable de Transparencia?

- Si (cumple con la información solicitada)
- Parcialmente (al menos 1 requisito)
- No (no presenta información)","12.b) ¿La información del/la responsable de transparencia está actualizada? Se constata con el listado de responsables de la DNEPT. Las opciones son

- Actualizado (si coincide con el listado)
- Desactualizado (no coincide o no se informó a la AAIP de la designación)",12.c) ¿La información está disponible en la pestaña de transparencia?,13.a) ¿Hay información acerca de espacios de participación ciudadana?,"13.b) ¿La información está actualizada?

- Actualizado (hasta 3 meses inclusive)
- Parcialmente (mayor a 3 meses y hasta 6 meses inclusive)
- Desactualizado (mayor a 6 meses / no hay fecha de actualización)",13.c) ¿La información está disponible en la pestaña de transparencia?,14.a) ¿Se informa acerca de la dotación óptima del organismo?,"14.b) ¿La información está actualizada?

- Actualizado (hasta 1 año inclusive)
- Desactualizado (mayor a 1 año / no hay fecha de actualización)",14.c) ¿La información se encuentra disponible en la pestaña de transparencia?,15.a) ¿Presenta información sobre las políticas de integridad?,"15.b) ¿La información está actualizada?

- Actualizado (hasta 1 año inclusive)
- Desactualizado (mayor a 1 año / no hay fecha de actualización)","15.c) ¿La información está disponible en la pestaña de transparencia, y se puede descargar en formato abierto?

- Si (cumple con ambos requisitos)
- Parcialmente (al menos un requisito)
- No (no cumple)",16.a) ¿Presenta información sobre la planificación estratégica del organismo?,"16.b)¿La información está actualizada?

- Actualizado (hasta 1 año inclusive)
- Desactualizado (mayor a 1 año / no hay fecha de actualización)","16.c) ¿La información está disponible en la pestaña de transparencia, y se puede descargar en formato abierto?

- Si (cumple con ambos requisitos)
- Parcialmente (al menos un requisito)
- No (no cumple)",17.a) ¿Hay datos estadísticos publicados?,"17.b) ¿La información está actualizada?

- Actualizado (hasta 3 meses inclusive)
- Parcialmente (mayor a 3 meses y hasta 6 meses inclusive)
- Desactualizado (mayor a 6 meses / no hay fecha de actualización)",17.c) ¿La información está disponible en la pestaña de transparencia?,18.a) ¿Se informan las metas del organismo?,"18.b) ¿La información está actualizada?

- Actualizado (hasta 1 año inclusive)
- Desactualizado (mayor a 1 año / no hay fecha de actualización)",18.c) ¿La información está disponible en la pestaña de transparencia?,19.a) ¿Están publicados los informes de gestión?,"19.b) ¿La información está actualizada?

- Actualizado (hasta 1 año inclusive)
- Desactualizado (mayor a 1 año / no hay fecha de actualización)","19.c) ¿La información está disponible en la pestaña de transparencia, y se puede descargar en formato abierto?

- Si (cumple con ambos requisitos)
- Parcialmente (al menos un requisito)
- No (no cumple)",El organismo relevado pertenece a:,20.a).[A] ¿Presenta información sobre las políticas prioritarias del organismo?,"20.b).[A] ¿La información está actualizada?

- Actualizado (hasta 3 meses inclusive)
- Parcialmente (mayor a 3 meses y hasta 6 meses inclusive)
- Desactualizado (mayor a 6 meses / no hay fecha de actualización)",20.c).[A] ¿La información está disponible en la pestaña de transparencia?,20.a).[E] ¿Presenta información sobre la autonomía financiera? Reflejado esquemáticamente como el % de dependencia de fondos estatales.,"20.b).[E] ¿La información está actualizada?

- Actualizado (hasta 3 meses inclusive)
- Parcialmente (mayor a 3 meses y hasta 6 meses inclusive)
- Desactualizado (mayor a 6 meses / no hay fecha de actualización)",20.c).[E] ¿La información está disponible en la pestaña de transparencia?,20.a).[U] ¿La universidad explica su forma de gobierno?,"20.b).[U] ¿La información está actualizada?

- Actualizado (hasta 1 año inclusive)
- Desactualizado (mayor a 1 año / no hay fecha de actualización)",20.c).[U] ¿La información está disponible en la pestaña de transparencia?,Link del sitio web,Nombre y apellido de quien relevó,Fecha del relevamiento
2024-07-02T14:58:01Z,2° Trimestre 2024 (Abril - Junio),Organismos Descentralizados,NA,NA,NA,Instituto Nacional del Teatro,NA,Si,Desactualizado,No,No,NA,NA,Parcialmente,Desactualizado,No,No,NA,NA,No,NA,NA,No,NA,NA,No,NA,NA,No,NA,NA,No,NA,NA,No,NA,NA,No,NA,NA,No,NA,NA,No,NA,NA,Parcialmente,Desactualizado,No,No,NA,NA,No,NA,NA,No,NA,NA,No,NA,NA,No,NA,NA,No,NA,NA,No,NA,NA,Si,Actualizado,No,[A] Administración Central y Desconcentrada / Organismos Descentralizados / Entes del Sector Público Nacional,No,NA,NA,NA,NA,NA,NA,NA,NA,https://inteatro.ar/,Julián Corvaglia,2024-07-02T00:00:00Z
2024-07-02T15:03:14Z,2° Trimestre 2024 (Abril - Junio),Organismos Descentralizados,NA,NA,NA,Agencia de Acceso a la Información Pública,NA,Si,Actualizado,Si,Si,Actualizado,Si,Si,Actualizado,Si,Si,Actualizado,Si,Si,Actualizado,Si,Si,Actualizado,Si,Si,Actualizado,Si,Si,Actualizado,Si,Si,Actualizado,Si,No corresponde,NA,NA,Si,Actualizado,Si,Si,Actualizado,Si,No,NA,NA,Si,Actualizado,Si,Si,Actualizado,Si,Si,Actualizado,Si,Si,Actualizado,Si,Si,Actualizado,Si,Si,Actualizado,Si,Si,Actualizado,Si,Si,Actualizado,No,Si,Actualizado,Si,[A] Administración Central y Desconcentrada / Organismos Descentralizados / Entes del Sector Público Nacional,Si,Actualizado,Si,NA,NA,NA,NA,NA,NA,https://www.argentina.gob.ar/aaip/transparencia,Matías Zanetti,2024-07-02T00:00:00Z
2024-07-02T15:28:30Z,2° Trimestre 2024 (Abril - Junio),Organismos Descentralizados,NA,NA,NA,Instituto Nacional del Cáncer,NA,Si,Desactualizado,No,No,NA,NA,Parcialmente,Desactualizado,No,No,NA,NA,No,NA,NA,No,NA,NA,No,NA,NA,No,NA,NA,No,NA,NA,No,NA,NA,Parcialmente,Desactualizado,No,No,NA,NA,No,NA,NA,Parcialmente,Desactualizado,No,No,NA,NA,No,NA,NA,No,NA,NA,No,NA,NA,No,NA,NA,Si,Desactualizado,No,No,NA,NA,No,NA,NA,[A] Administración Central y Desconcentrada / Organismos Descentralizados / Entes del Sector Público Nacional,No,NA,NA,NA,NA,NA,NA,NA,NA,https://www.argentina.gob.ar/salud/inc,Julián Corvaglia,2024-07-02T00:00:00Z
2024-07-02T16:12:02Z,2° Trimestre 2024 (Abril - Junio),Organismos Descentralizados,NA,NA,NA,Instituto Nacional de Tecnología Industrial,NA,Si,Desactualizado,No,Si,Desactualizado,Si,Parcialmente,Actualizado,Si,Parcialmente,Actualizado,Si,Si,Actualizado,Si,Si,Actualizado,Si,Parcialmente,Desactualizado,Si,Si,Actualizado,Si,Si,Actualizado,Si,No,NA,NA,Si,Desactualizado,Si,Parcialmente,Parcialmente,Si,No,NA,NA,Si,Actualizado,Si,No,NA,NA,No,NA,NA,No,NA,NA,No,NA,NA,No,NA,NA,No,NA,NA,No,NA,NA,No,NA,NA,[A] Administración Central y Desconcentrada / Organismos Descentralizados / Entes del Sector Público Nacional,No,NA,NA,NA,NA,NA,NA,NA,NA,https://www.argentina.gob.ar/inti,Julián Corvaglia,2024-07-02T00:00:00Z
2024-07-02T16:20:04Z,2° Trimestre 2024 (Abril - Junio),Entes del Sector Público Nacional,NA,NA,Autoridad de Cuenca Matanza Riachuelo (ACUMAR),NA,NA,Si,Desactualizado,Si,No,NA,NA,Parcialmente,Actualizado,Si,Parcialmente,Actualizado,Si,No,NA,NA,Si,Actualizado,Si,Parcialmente,Valor nulo,No,Parcialmente,Actualizado,Si,Parcialmente,Desactualizado,Si,No corresponde,NA,NA,Si,Actualizado,Si,Parcialmente,Desactualizado,Si,No,NA,NA,Si,Actualizado,Si,No,NA,NA,Si,Parcialmente,Si,No corresponde,NA,NA,Si,Actualizado,Si,No,NA,NA,Si,Parcialmente,Si,No,NA,NA,Si,Desactualizado,Si,[A] Administración Central y Desconcentrada / Organismos Descentralizados / Entes del Sector Público Nacional,Si,Desactualizado,Si,NA,NA,NA,NA,NA,NA,https://www.acumar.gob.ar/transparencia/indice/,Susana Aroca,2024-07-02T00:00:00Z
2024-07-02T16:34:30Z,2° Trimestre 2024 (Abril - Junio),Entes del Sector Público Nacional,NA,NA,Agencia de Planificación (APLA),NA,NA,Si,Desactualizado,No,No corresponde,NA,NA,Parcialmente,Actualizado,Si,Parcialmente,Actualizado,Si,No,NA,NA,Si,Desactualizado,Si,No,NA,NA,No,NA,NA,Parcialmente,Desactualizado,Si,No corresponde,NA,NA,No,NA,NA,No,NA,NA,No,NA,NA,Parcialmente,Actualizado,Si,No,NA,NA,No corresponde,NA,NA,No,NA,NA,No,NA,NA,Si,Actualizado,Parcialmente,No,NA,NA,No,NA,NA,No,NA,NA,[A] Administración Central y Desconcentrada / Organismos Descentralizados / Entes del Sector Público Nacional,Si,Actualizado,No,NA,NA,NA,NA,NA,NA,https://www.argentina.gob.ar/apla/transparencia-activa-apla,Graciela Karababikian,2024-07-02T00:00:00Z
2024-07-02T17:04:52Z,2° Trimestre 2024 (Abril - Junio),Administración Central y Desconcentrada,NA,NA,NA,NA,Oficina Anticorrupción,Si,Actualizado,No,Si,Actualizado,Si,Si,Actualizado,Si,Si,Actualizado,Si,Si,Actualizado,Si,No,NA,NA,Si,Actualizado,Si,Si,Actualizado,Si,Parcialmente,Actualizado,Si,No corresponde,NA,NA,Si,Actualizado,Si,No,NA,NA,No,NA,NA,Parcialmente,Actualizado,Si,No,NA,NA,No,NA,NA,No,NA,NA,No,NA,NA,No,NA,NA,No,NA,NA,No,NA,NA,Si,Actualizado,Parcialmente,[A] Administración Central y Desconcentrada / Organismos Descentralizados / Entes del Sector Público Nacional,Si,Actualizado,No,NA,NA,NA,NA,NA,NA,https://www.argentina.gob.ar/anticorrupcion/transparencia-activa-oficina-anticorrupcion,Matías Zanetti,2024-07-02T00:00:00Z
2024-07-02T18:07:55Z,2° Trimestre 2024 (Abril - Junio),Organismos Descentralizados,NA,NA,NA,Fundación Miguel Lillo,NA,Si,Desactualizado,No,Parcialmente,Desactualizado,No,Parcialmente,Desactualizado,Si,No,NA,NA,Parcialmente,Actualizado,Si,No,NA,NA,No,NA,NA,Parcialmente,Desactualizado,Si,Parcialmente,Desactualizado,Si,No,NA,NA,Parcialmente,Actualizado,Si,Si,Actualizado,Si,No,NA,NA,Parcialmente,Actualizado,Si,No,NA,NA,No,NA,NA,No,NA,NA,No,NA,NA,No,NA,NA,No,NA,NA,No,NA,NA,No,NA,NA,[A] Administración Central y Desconcentrada / Organismos Descentralizados / Entes del Sector Público Nacional,No,NA,NA,NA,NA,NA,NA,NA,NA,https://www.lillo.org.ar/,Julián Corvaglia,2024-07-02T00:00:00Z
2024-07-03T10:27:33Z,2° Trimestre 2024 (Abril - Junio),Organismos Descentralizados,NA,NA,NA,Instituto Nacional de Asuntos Indígenas,NA,Si,Desactualizado,No,No,NA,NA,No,NA,NA,No,NA,NA,No,NA,NA,No,NA,NA,No,NA,NA,No,NA,NA,No,NA,NA,No,NA,NA,No,NA,NA,No,NA,NA,No,NA,NA,No,NA,NA,No,NA,NA,No,NA,NA,No,NA,NA,No,NA,NA,No,NA,NA,No,NA,NA,No,NA,NA,No,NA,NA,[A] Administración Central y Desconcentrada / Organismos Descentralizados / Entes del Sector Público Nacional,No,NA,NA,NA,NA,NA,NA,NA,NA,https://www.argentina.gob.ar/inai,Julián Corvaglia,2024-07-03T00:00:00Z
2024-07-03T10:56:05Z,2° Trimestre 2024 (Abril - Junio),Organismos Descentralizados,NA,NA,NA,"Instituto Nacional de Agricultura Familiar, Campesina e Indígena",NA,Si,Desactualizado,No,No,NA,NA,No,NA,NA,No,NA,NA,No,NA,NA,No,NA,NA,No,NA,NA,No,NA,NA,No,NA,NA,No,NA,NA,No,NA,NA,No,NA,NA,No,NA,NA,No,NA,NA,No,NA,NA,No,NA,NA,No,NA,NA,No,NA,NA,No,NA,NA,No,NA,NA,No,NA,NA,No,NA,NA,[A] Administración Central y Desconcentrada / Organismos Descentralizados / Entes del Sector Público Nacional,No,NA,NA,NA,NA,NA,NA,NA,NA,https://www.argentina.gob.ar/agricultura/subsecretaria-de-agricultura-familiar-y-desarrollo-territorial/institucional,Julián Corvaglia,2024-07-03T00:00:00Z
2024-07-03T11:27:41Z,2° Trimestre 2024 (Abril - Junio),Entes del Sector Público Nacional,NA,NA,Banco Central de la República Argentina,NA,NA,Si,Actualizado,No,Si,Actualizado,Si,Parcialmente,Actualizado,Si,Parcialmente,Actualizado,Si,Si,Parcialmente,Parcialmente,Si,Actualizado,No,Parcialmente,Valor nulo,Parcialmente,Parcialmente,Desactualizado,Si,Parcialmente,Actualizado,Si,No,NA,NA,Si,Actualizado,Parcialmente,Si,Actualizado,Si,No,NA,NA,Si,Actualizado,No,No,NA,NA,No,NA,NA,No corresponde,NA,NA,Si,Actualizado,No,No,NA,NA,Si,Actualizado,No,No,NA,NA,Si,Desactualizado,Parcialmente,[A] Administración Central y Desconcentrada / Organismos Descentralizados / Entes del Sector Público Nacional,Si,Parcialmente,No,NA,NA,NA,NA,NA,NA,"https://www.bcra.gob.ar/Institucional/Acceso_Informacion.asp

",Susana Aroca,2024-07-03T00:00:00Z
2024-07-03T12:48:00Z,2° Trimestre 2024 (Abril - Junio),Administración Central y Desconcentrada,NA,NA,NA,NA,Procuración del Tesoro de la Nación,Si,Actualizado,No,No,NA,NA,Si,Actualizado,Si,Si,Actualizado,Si,Parcialmente,Desactualizado,Si,Si,Actualizado,Si,Parcialmente,Valor nulo,Parcialmente,Si,Desactualizado,Si,Parcialmente,Actualizado,Parcialmente,No corresponde,NA,NA,Si,Actualizado,Si,No,NA,NA,No,NA,NA,Parcialmente,Desactualizado,Si,No,NA,NA,No,NA,NA,No,NA,NA,No,NA,NA,No,NA,NA,No,NA,NA,No,NA,NA,No,NA,NA,[A] Administración Central y Desconcentrada / Organismos Descentralizados / Entes del Sector Público Nacional,No,NA,NA,NA,NA,NA,NA,NA,NA,https://www.argentina.gob.ar/procuraciondeltesoro/transparencia,Matías Zanetti,2024-07-03T00:00:00Z
2024-07-03T15:10:24Z,2° Trimestre 2024 (Abril - Junio),Organismos Descentralizados,NA,NA,NA,Fondo Nacional de las Artes,NA,No,NA,NA,No,NA,NA,No,NA,NA,No,NA,NA,No,NA,NA,No,NA,NA,No,NA,NA,No,NA,NA,No,NA,NA,No,NA,NA,No,NA,NA,No,NA,NA,No,NA,NA,No,NA,NA,No,NA,NA,No,NA,NA,No,NA,NA,No,NA,NA,No,NA,NA,No,NA,NA,No,NA,NA,No,NA,NA,[A] Administración Central y Desconcentrada / Organismos Descentralizados / Entes del Sector Público Nacional,No,NA,NA,NA,NA,NA,NA,NA,NA,https://www.argentina.gob.ar/capital-humano/cultura/fna,Julián Corvaglia,2024-07-03T00:00:00Z
2024-07-03T15:26:17Z,2° Trimestre 2024 (Abril - Junio),Organismos Descentralizados,NA,NA,NA,Fondo Nacional de las Artes,NA,Si,Actualizado,No,No,NA,NA,No,NA,NA,No,NA,NA,No,NA,NA,No,NA,NA,No,NA,NA,No,NA,NA,No,NA,NA,No,NA,NA,No,NA,NA,No,NA,NA,No,NA,NA,No,NA,NA,No,NA,NA,No,NA,NA,No,NA,NA,No,NA,NA,No,NA,NA,No,NA,NA,No,NA,NA,Si,Actualizado,Si,[A] Administración Central y Desconcentrada / Organismos Descentralizados / Entes del Sector Público Nacional,Si,Actualizado,No,NA,NA,NA,NA,NA,NA,https://www.argentina.gob.ar/capital-humano/cultura/fna,Julián Corvaglia,2024-07-03T00:00:00Z
2024-07-03T15:29:02Z,2° Trimestre 2024 (Abril - Junio),Empresas Públicas,NA,Agua y Saneamientos Argentinos,NA,NA,NA,Si,Desactualizado,No,Si,Desactualizado,No,Parcialmente,Desactualizado,No,No,NA,NA,No,NA,NA,No,NA,NA,No,NA,NA,No,NA,NA,Parcialmente,Actualizado,Si,No corresponde,NA,NA,Parcialmente,Actualizado,Si,Si,Actualizado,Si,No,NA,NA,Si,Actualizado,Si,No,NA,NA,No,NA,NA,No corresponde,NA,NA,Si,Desactualizado,Si,No,NA,NA,No,NA,NA,No,NA,NA,Si,Desactualizado,Si,[E] Empresas Públicas,NA,NA,NA,No,NA,NA,NA,NA,NA,https://www.aysa.com.ar/Quienes-Somos/Transparencia,Graciela Karababikian,2024-07-03T00:00:00Z
2024-07-03T16:21:41Z,2° Trimestre 2024 (Abril - Junio),Administración Central y Desconcentrada,NA,NA,NA,NA,Ministerio de Justicia,Si,Actualizado,Si,Si,Actualizado,Si,Si,Actualizado,Si,Si,Actualizado,Si,Parcialmente,Actualizado,Si,Si,Actualizado,Si,Parcialmente,Parcialmente,Si,Si,Actualizado,Si,Si,Actualizado,Si,Si,Actualizado,Si,Si,Actualizado,Si,Si,Actualizado,Si,No,NA,NA,Si,Actualizado,Si,Si,Actualizado,Si,Si,Actualizado,Si,No,NA,NA,No,NA,NA,No,NA,NA,No,NA,NA,No,NA,NA,No,NA,NA,[A] Administración Central y Desconcentrada / Organismos Descentralizados / Entes del Sector Público Nacional,Si,Actualizado,No,NA,NA,NA,NA,NA,NA,https://www.argentina.gob.ar/justicia/transparencia,Matías Zanetti,2024-07-03T00:00:00Z
2024-07-03T16:34:49Z,2° Trimestre 2024 (Abril - Junio),Organismos Descentralizados,NA,NA,NA,Fondo Nacional de las Artes,NA,Si,Desactualizado,No,No,NA,NA,No,NA,NA,No,NA,NA,No,NA,NA,No,NA,NA,No,NA,NA,No,NA,NA,No,NA,NA,No,NA,NA,No,NA,NA,No,NA,NA,No,NA,NA,No,NA,NA,No,NA,NA,No,NA,NA,No,NA,NA,No,NA,NA,No,NA,NA,No,NA,NA,No,NA,NA,Si,Actualizado,Si,[A] Administración Central y Desconcentrada / Organismos Descentralizados / Entes del Sector Público Nacional,Si,Desactualizado,No,NA,NA,NA,NA,NA,NA,https://www.argentina.gob.ar/capital-humano/cultura/fna,Julián Corvaglia,2024-07-03T00:00:00Z
2024-07-03T16:53:43Z,2° Trimestre 2024 (Abril - Junio),Empresas Públicas,NA,Administración General de Puertos S.E.,NA,NA,NA,Si,Actualizado,Si,Si,Actualizado,Si,Si,Actualizado,Si,Si,Actualizado,Si,Parcialmente,Actualizado,Si,No,NA,NA,No,NA,NA,Si,Actualizado,Si,Parcialmente,Desactualizado,Si,No corresponde,NA,NA,Parcialmente,Desactualizado,Si,Si,Actualizado,Si,No,NA,NA,Si,Actualizado,Si,No,NA,NA,Si,Actualizado,Si,No corresponde,NA,NA,Si,Actualizado,Si,No,NA,NA,Si,Actualizado,Si,No,NA,NA,Si,Actualizado,Si,[E] Empresas Públicas,NA,NA,NA,No,NA,NA,NA,NA,NA,https://www.argentina.gob.ar/administracion-general-de-puertos-se/transparencia,Susana Aroca,2024-07-06T00:00:00Z
2024-07-04T10:00:24Z,2° Trimestre 2024 (Abril - Junio),Administración Central y Desconcentrada,NA,NA,NA,NA,Ministerio de Seguridad,No,NA,NA,Si,Actualizado,Si,Si,Actualizado,Si,Si,Actualizado,Si,No,NA,NA,Si,Actualizado,Si,Parcialmente,Valor nulo,Parcialmente,Si,Parcialmente,Si,Parcialmente,Actualizado,Si,Si,Actualizado,Si,Si,Actualizado,Si,Parcialmente,Parcialmente,Si,No,NA,NA,Si,Actualizado,Si,Si,Actualizado,Si,No,NA,NA,No,NA,NA,No,NA,NA,No,NA,NA,Si,Desactualizado,No,No,NA,NA,No,NA,NA,[A] Administración Central y Desconcentrada / Organismos Descentralizados / Entes del Sector Público Nacional,Si,Actualizado,No,NA,NA,NA,NA,NA,NA,https://www.argentina.gob.ar/seguridad/transparencia,Matías Zanetti,2024-07-03T00:00:00Z
2024-07-04T10:37:14Z,2° Trimestre 2024 (Abril - Junio),Organismos Descentralizados,NA,NA,NA,"Instituto Nacional de Rehabilitación Psicofísica del Sur ""Dr. Juan Otimio Tesone""",NA,Si,Desactualizado,No,Si,Desactualizado,No,Parcialmente,Desactualizado,No,No,NA,NA,No,NA,NA,No,NA,NA,No,NA,NA,No,NA,NA,No,NA,NA,No,NA,NA,No,NA,NA,No,NA,NA,No,NA,NA,No,NA,NA,No,NA,NA,No,NA,NA,No,NA,NA,No,NA,NA,No,NA,NA,No,NA,NA,No,NA,NA,No,NA,NA,[A] Administración Central y Desconcentrada / Organismos Descentralizados / Entes del Sector Público Nacional,No,NA,NA,NA,NA,NA,NA,NA,NA,https://www.argentina.gob.ar/salud/inareps,Julián Corvaglia,2024-07-04T00:00:00Z
2024-07-04T12:01:21Z,2° Trimestre 2024 (Abril - Junio),Organismos Descentralizados,NA,NA,NA,Ente Nacional Regulador del Gas,NA,Si,Actualizado,No,Si,Actualizado,Si,Si,Actualizado,No,Parcialmente,Actualizado,Si,Si,Actualizado,Si,No,NA,NA,Parcialmente,Valor nulo,Parcialmente,Si,Actualizado,Si,Si,Actualizado,Si,Si,Actualizado,Si,Parcialmente,Actualizado,Si,No,NA,NA,No,NA,NA,Si,Actualizado,Si,No,NA,NA,Si,Actualizado,Si,No,NA,NA,Si,Actualizado,Parcialmente,No,NA,NA,Si,Actualizado,No,No,NA,NA,Si,Actualizado,Parcialmente,[A] Administración Central y Desconcentrada / Organismos Descentralizados / Entes del Sector Público Nacional,Si,Actualizado,No,NA,NA,NA,NA,NA,NA,https://www.enargas.gob.ar/secciones/transparencia-activa/transparencia-activa.php,Matías Zanetti,2024-07-04T00:00:00Z
2024-07-04T12:17:00Z,2° Trimestre 2024 (Abril - Junio),Organismos Descentralizados,NA,NA,NA,Banco Nacional de Datos Genéticos,NA,No,NA,NA,Parcialmente,Desactualizado,Si,Parcialmente,Desactualizado,Si,Parcialmente,Desactualizado,Si,Parcialmente,Desactualizado,Parcialmente,No,NA,NA,No,NA,NA,Si,Desactualizado,Parcialmente,Parcialmente,Desactualizado,Si,No,NA,NA,Si,Actualizado,Si,No,NA,NA,No,NA,NA,Si,Desactualizado,Si,No,NA,NA,No,NA,NA,No,NA,NA,No,NA,NA,No,NA,NA,No,NA,NA,No,NA,NA,No,NA,NA,[A] Administración Central y Desconcentrada / Organismos Descentralizados / Entes del Sector Público Nacional,No,NA,NA,NA,NA,NA,NA,NA,NA,https://www.argentina.gob.ar/ciencia/bndg,Julián Corvaglia,2024-07-04T00:00:00Z
2024-07-04T15:55:33Z,2° Trimestre 2024 (Abril - Junio),Universidades,Universidad de Buenos Aires,NA,NA,NA,NA,Si,Actualizado,No,Si,Actualizado,Si,Parcialmente,Actualizado,Si,No,NA,NA,No,NA,NA,No,NA,NA,Parcialmente,Valor nulo,Parcialmente,No,NA,NA,Parcialmente,Desactualizado,Si,Parcialmente,Actualizado,Parcialmente,Si,Actualizado,Si,Si,Actualizado,Si,No,NA,NA,No,NA,NA,No,NA,NA,No,NA,NA,No corresponde,NA,NA,No,NA,NA,No,NA,NA,Si,Desactualizado,Si,No,NA,NA,No,NA,NA,[U] Universidades,NA,NA,NA,NA,NA,NA,Si,Actualizado,Si,"https://www.uba.ar/#   

https://www.uba.ar/#fullMenu

https://www.uba.ar/transparencia-activa",Matías Ramiro Sumavil,2024-07-04T00:00:00Z
2024-07-04T16:05:05Z,2° Trimestre 2024 (Abril - Junio),Organismos Descentralizados,NA,NA,NA,Instituto Nacional de Semillas,NA,Si,Desactualizado,No,Parcialmente,Desactualizado,No,Si,Actualizado,Si,Si,Actualizado,Si,Si,Actualizado,Parcialmente,Si,Desactualizado,Si,Parcialmente,Valor nulo,Parcialmente,Si,Actualizado,Si,Parcialmente,Actualizado,Si,No,NA,NA,Si,Actualizado,Si,No,NA,NA,No,NA,NA,Parcialmente,Desactualizado,Si,No,NA,NA,No,NA,NA,No,NA,NA,No,NA,NA,No,NA,NA,No,NA,NA,No,NA,NA,Si,Actualizado,Parcialmente,[A] Administración Central y Desconcentrada / Organismos Descentralizados / Entes del Sector Público Nacional,No,NA,NA,NA,NA,NA,NA,NA,NA,https://www.argentina.gob.ar/inase,Julián Corvaglia,2024-07-04T00:00:00Z
2024-07-04T16:09:27Z,2° Trimestre 2024 (Abril - Junio),Empresas Públicas,NA,BICE - Fideicomisos,NA,NA,NA,Si,Desactualizado,No,Parcialmente,Desactualizado,No,Parcialmente,Desactualizado,No,No,NA,NA,No,NA,NA,No,NA,NA,No,NA,NA,No,NA,NA,Parcialmente,Desactualizado,Parcialmente,No,NA,NA,Parcialmente,Actualizado,Parcialmente,Parcialmente,Desactualizado,Parcialmente,Si,Desactualizado,Parcialmente,No,NA,NA,No,NA,NA,No corresponde,NA,NA,No corresponde,NA,NA,Si,Desactualizado,Parcialmente,No,NA,NA,No,NA,NA,No,NA,NA,Si,Desactualizado,Parcialmente,[E] Empresas Públicas,NA,NA,NA,No,NA,NA,NA,NA,NA,https://www.bicefideicomisos.com.ar/,Susana Aroca,2024-07-04T00:00:00Z
2024-07-04T16:12:58Z,2° Trimestre 2024 (Abril - Junio),Empresas Públicas,NA,Aerolíneas Argentinas S.A.,NA,NA,NA,Si,Actualizado,Si,Si,Actualizado,No,Parcialmente,Actualizado,Si,No,NA,NA,No,NA,NA,Si,Actualizado,Si,Parcialmente,Valor nulo,Parcialmente,No,NA,NA,Parcialmente,Desactualizado,Si,No,NA,NA,Parcialmente,Actualizado,Parcialmente,No,NA,NA,No,NA,NA,Parcialmente,Actualizado,Si,No,NA,NA,No,NA,NA,No corresponde,NA,NA,Si,Actualizado,Si,No,NA,NA,Si,Actualizado,Si,No,NA,NA,Si,Actualizado,Si,[E] Empresas Públicas,NA,NA,NA,Si,Desactualizado,Si,NA,NA,NA,https://www.aerolineas.com.ar/transparencia-activa,Susana Aroca,2024-07-04T00:00:00Z
2024-07-04T16:16:59Z,2° Trimestre 2024 (Abril - Junio),Administración Central y Desconcentrada,NA,NA,NA,NA,Ministerio de Salud,Si,Actualizado,No,Si,Actualizado,Si,Si,Actualizado,Si,Si,Actualizado,Si,Si,Actualizado,Si,Si,Actualizado,Si,Parcialmente,Actualizado,Si,Si,Actualizado,Si,Parcialmente,Actualizado,Si,Si,Parcialmente,Si,Si,Actualizado,Si,Si,Actualizado,Si,No,NA,NA,Parcialmente,Actualizado,Si,No,NA,NA,Si,Actualizado,Si,No,NA,NA,No,NA,NA,No,NA,NA,Si,Actualizado,No,No,NA,NA,No,NA,NA,[A] Administración Central y Desconcentrada / Organismos Descentralizados / Entes del Sector Público Nacional,Si,Actualizado,No,NA,NA,NA,NA,NA,NA,https://www.argentina.gob.ar/salud/transparencia,Matías Zanetti,2024-07-04T00:00:00Z
2024-07-05T11:26:07Z,2° Trimestre 2024 (Abril - Junio),Administración Central y Desconcentrada,NA,NA,NA,NA,Ministerio de Defensa,Si,Actualizado,Si,Si,Actualizado,Si,Si,Actualizado,Si,Si,Actualizado,Si,Parcialmente,Parcialmente,Si,Si,Actualizado,Si,Si,Actualizado,Si,Si,Actualizado,Si,Si,Actualizado,Si,Si,Actualizado,Si,Si,Actualizado,Si,Si,Actualizado,Si,No,NA,NA,Si,Actualizado,Si,Si,Actualizado,Si,No corresponde,NA,NA,No,NA,NA,No,NA,NA,No,NA,NA,No,NA,NA,No,NA,NA,Si,Actualizado,Si,[A] Administración Central y Desconcentrada / Organismos Descentralizados / Entes del Sector Público Nacional,Si,Actualizado,Si,NA,NA,NA,NA,NA,NA,https://www.argentina.gob.ar/defensa/transparencia2,Matías Zanetti,2024-07-05T00:00:00Z
2024-07-05T12:28:21Z,2° Trimestre 2024 (Abril - Junio),Organismos Descentralizados,NA,NA,NA,Ente Nacional de Obras Hídricas de Saneamiento,NA,Si,Actualizado,No,No corresponde,NA,NA,No,NA,NA,No,NA,NA,No,NA,NA,No,NA,NA,Parcialmente,Valor nulo,Parcialmente,Si,Actualizado,Si,Parcialmente,Actualizado,No,No,NA,NA,Si,Actualizado,Si,Si,Parcialmente,Si,No,NA,NA,Parcialmente,Actualizado,Si,No,NA,NA,No corresponde,NA,NA,No,NA,NA,No,NA,NA,No,NA,NA,No,NA,NA,No,NA,NA,No,NA,NA,[A] Administración Central y Desconcentrada / Organismos Descentralizados / Entes del Sector Público Nacional,Si,Actualizado,No,NA,NA,NA,NA,NA,NA,https://www.argentina.gob.ar/obras-publicas/infraestructura-y-politica-hidrica/enohsa/transparencia,Matías Zanetti,2024-07-05T00:00:00Z
2024-07-05T13:46:29Z,2° Trimestre 2024 (Abril - Junio),Organismos Descentralizados,NA,NA,NA,Instituto Nacional de la Propiedad Industrial,NA,Si,Desactualizado,No,Si,Desactualizado,Si,Si,Desactualizado,Si,No,NA,NA,No,NA,NA,No,NA,NA,No,NA,NA,No,NA,NA,No,NA,NA,No corresponde,NA,NA,Si,Actualizado,Si,Parcialmente,Parcialmente,Si,No,NA,NA,Parcialmente,Actualizado,Si,No,NA,NA,No,NA,NA,No,NA,NA,No,NA,NA,No,NA,NA,Si,Desactualizado,No,No,NA,NA,No,NA,NA,[A] Administración Central y Desconcentrada / Organismos Descentralizados / Entes del Sector Público Nacional,No,NA,NA,NA,NA,NA,NA,NA,NA,https://www.argentina.gob.ar/inpi,Julián Corvaglia,2024-07-05T00:00:00Z
2024-07-05T15:13:50Z,2° Trimestre 2024 (Abril - Junio),Empresas Públicas,NA,Banco de Inversión y Comercio Exterior,NA,NA,NA,Si,Actualizado,No,Si,Desactualizado,Si,Parcialmente,Actualizado,Si,No,NA,NA,No,NA,NA,Si,Actualizado,Si,Parcialmente,Valor nulo,Parcialmente,No,NA,NA,Parcialmente,Parcialmente,Parcialmente,No,NA,NA,Si,Actualizado,Si,No,NA,NA,Si,Desactualizado,Parcialmente,Parcialmente,Actualizado,Si,No,NA,NA,No,NA,NA,No corresponde,NA,NA,Si,Actualizado,Parcialmente,No,NA,NA,No,NA,NA,Si,Desactualizado,No,Si,Actualizado,Parcialmente,[E] Empresas Públicas,NA,NA,NA,No,NA,NA,NA,NA,NA,"https://www.bice.com.ar/transparencia-activa/
",Susana Aroca,2024-07-05T00:00:00Z
2024-07-05T15:58:01Z,2° Trimestre 2024 (Abril - Junio),Organismos Descentralizados,NA,NA,NA,Instituto Nacional de Investigación y Desarrollo Pesquero,NA,Si,Desactualizado,No,No,NA,NA,Parcialmente,Actualizado,Si,Parcialmente,Actualizado,Si,No,NA,NA,No,NA,NA,No,NA,NA,Parcialmente,Desactualizado,Si,No,NA,NA,No,NA,NA,Si,Actualizado,Si,No,NA,NA,No,NA,NA,Parcialmente,Actualizado,Si,No,NA,NA,No,NA,NA,No,NA,NA,No,NA,NA,No,NA,NA,No,NA,NA,No,NA,NA,Si,Actualizado,Parcialmente,[A] Administración Central y Desconcentrada / Organismos Descentralizados / Entes del Sector Público Nacional,Si,Desactualizado,No,NA,NA,NA,NA,NA,NA,https://www.argentina.gob.ar/inidep,Julián Corvaglia,2024-07-05T00:00:00Z
2024-07-05T16:00:18Z,2° Trimestre 2024 (Abril - Junio),Organismos Descentralizados,NA,NA,NA,"Caja de Retiros, Jubilaciones y Pensiones de la Policía Federal",NA,Si,Actualizado,No,Si,Actualizado,No,No,NA,NA,Parcialmente,Actualizado,Si,No,NA,NA,Si,Actualizado,Si,No,NA,NA,Si,Desactualizado,Si,Parcialmente,Actualizado,Si,No,NA,NA,Parcialmente,Actualizado,Si,No,NA,NA,No,NA,NA,No,NA,NA,No,NA,NA,No,NA,NA,No,NA,NA,Si,Actualizado,Parcialmente,No,NA,NA,No,NA,NA,No,NA,NA,No,NA,NA,[A] Administración Central y Desconcentrada / Organismos Descentralizados / Entes del Sector Público Nacional,Si,Actualizado,No,NA,NA,NA,NA,NA,NA,https://www.argentina.gob.ar/cajaderetiroPFA/transparencia-activa-crjppf-0,Matías Zanetti,2024-07-05T00:00:00Z
2024-07-05T16:59:43Z,2° Trimestre 2024 (Abril - Junio),Organismos Descentralizados,NA,NA,NA,Administración Nacional de Laboratorios e Institutos de Salud Dr. Carlos G. Malbrán,NA,Si,Actualizado,No,No,NA,NA,Parcialmente,Actualizado,Si,No,NA,NA,Si,Parcialmente,Si,No,NA,NA,Parcialmente,Valor nulo,Parcialmente,Si,Parcialmente,Si,Parcialmente,Actualizado,Si,No,NA,NA,Parcialmente,Actualizado,Si,Parcialmente,Desactualizado,Parcialmente,No,NA,NA,Parcialmente,Actualizado,Si,No,NA,NA,No corresponde,NA,NA,No,NA,NA,No,NA,NA,No,NA,NA,No,NA,NA,No,NA,NA,No,NA,NA,[A] Administración Central y Desconcentrada / Organismos Descentralizados / Entes del Sector Público Nacional,No,NA,NA,NA,NA,NA,NA,NA,NA,https://www.argentina.gob.ar/salud/anlis/transparencia,Matías Zanetti,2024-07-05T00:00:00Z
2024-07-05T17:15:28Z,2° Trimestre 2024 (Abril - Junio),Organismos Descentralizados,NA,NA,NA,Agencia Federal de Inteligencia,NA,Si,Actualizado,No,No,NA,NA,No,NA,NA,No,NA,NA,No,NA,NA,No,NA,NA,No,NA,NA,No,NA,NA,No,NA,NA,No,NA,NA,No,NA,NA,No,NA,NA,No,NA,NA,No,NA,NA,No,NA,NA,No corresponde,NA,NA,No,NA,NA,No,NA,NA,No,NA,NA,No,NA,NA,No,NA,NA,No,NA,NA,[A] Administración Central y Desconcentrada / Organismos Descentralizados / Entes del Sector Público Nacional,No,NA,NA,NA,NA,NA,NA,NA,NA,https://www.argentina.gob.ar/inteligencia,Matías Zanetti,2024-07-05T00:00:00Z
2024-07-05T17:57:37Z,2° Trimestre 2024 (Abril - Junio),Organismos Descentralizados,NA,NA,NA,Dirección Nacional de Migraciones,NA,Si,Actualizado,No,Si,Actualizado,No,No,NA,NA,No,NA,NA,No,NA,NA,No,NA,NA,Parcialmente,Valor nulo,Parcialmente,Parcialmente,Desactualizado,Si,Parcialmente,Desactualizado,No,No corresponde,NA,NA,Si,Actualizado,Si,No,NA,NA,No,NA,NA,Parcialmente,Desactualizado,Si,No,NA,NA,No,NA,NA,No,NA,NA,No,NA,NA,No,NA,NA,No,NA,NA,No,NA,NA,No,NA,NA,[A] Administración Central y Desconcentrada / Organismos Descentralizados / Entes del Sector Público Nacional,No,NA,NA,NA,NA,NA,NA,NA,NA,https://www.argentina.gob.ar/migraciones/transparencia,Matías Zanetti,2024-07-05T00:00:00Z
2024-07-05T18:53:53Z,2° Trimestre 2024 (Abril - Junio),Universidades,Universidad Nacional de Entre Ríos,NA,NA,NA,NA,Si,Actualizado,No,Si,Actualizado,No,Parcialmente,Actualizado,Si,Parcialmente,Actualizado,Parcialmente,Parcialmente,Desactualizado,Parcialmente,No,NA,NA,Parcialmente,Valor nulo,Parcialmente,Parcialmente,Actualizado,Si,Parcialmente,Desactualizado,Si,No,NA,NA,Si,Actualizado,Si,No,NA,NA,Si,Actualizado,Parcialmente,Parcialmente,Desactualizado,Si,No,NA,NA,Si,Actualizado,Si,No corresponde,NA,NA,No,NA,NA,Si,Actualizado,Si,No,NA,NA,Si,Actualizado,Si,No,NA,NA,[U] Universidades,NA,NA,NA,NA,NA,NA,Si,Actualizado,No,"https://www.uner.edu.ar/
https://uner.edu.ar/transparencia/
https://pip.uner.edu.ar/",Matías Ramiro Sumavil,2024-07-05T00:00:00Z
2024-07-08T10:11:34Z,2° Trimestre 2024 (Abril - Junio),Organismos Descentralizados,NA,NA,NA,Banco Nacional de Datos Genéticos,NA,Si,Desactualizado,No,Parcialmente,Desactualizado,Si,Parcialmente,Desactualizado,Si,Parcialmente,Desactualizado,Si,Parcialmente,Desactualizado,Parcialmente,No,NA,NA,Parcialmente,Valor nulo,Parcialmente,Si,Desactualizado,Si,Parcialmente,Desactualizado,Parcialmente,No corresponde,NA,NA,Si,Actualizado,Si,No,NA,NA,No,NA,NA,Parcialmente,Desactualizado,Si,No,NA,NA,No,NA,NA,No,NA,NA,No,NA,NA,No,NA,NA,No,NA,NA,No,NA,NA,No,NA,NA,[A] Administración Central y Desconcentrada / Organismos Descentralizados / Entes del Sector Público Nacional,Si,Desactualizado,No,NA,NA,NA,NA,NA,NA,https://www.argentina.gob.ar/ciencia/bndg,Julián Corvaglia,2024-07-08T00:00:00Z
2024-07-08T11:40:28Z,2° Trimestre 2024 (Abril - Junio),Organismos Descentralizados,NA,NA,NA,Autoridad Regulatoria Nuclear,NA,Si,Actualizado,No,Si,Actualizado,Si,Parcialmente,Actualizado,Si,Parcialmente,Actualizado,Si,No,NA,NA,Si,Desactualizado,Si,No,NA,NA,Parcialmente,Desactualizado,Parcialmente,No,NA,NA,No,NA,NA,Parcialmente,Actualizado,Si,No,NA,NA,No,NA,NA,Parcialmente,Desactualizado,Si,No,NA,NA,No,NA,NA,Si,Desactualizado,No,No,NA,NA,Si,Actualizado,Parcialmente,No,NA,NA,Si,Actualizado,No,Si,Desactualizado,Parcialmente,[A] Administración Central y Desconcentrada / Organismos Descentralizados / Entes del Sector Público Nacional,Si,Actualizado,No,NA,NA,NA,NA,NA,NA,https://www.argentina.gob.ar/arn/transparencia,Matías Zanetti,2024-07-08T00:00:00Z
2024-07-08T12:33:10Z,2° Trimestre 2024 (Abril - Junio),Organismos Descentralizados,NA,NA,NA,Instituto Nacional de Tecnología Agropecuaria,NA,Si,Desactualizado,Si,Si,Desactualizado,Si,Si,Parcialmente,Si,Si,Parcialmente,Si,Si,Parcialmente,Si,Si,Desactualizado,Si,Si,Actualizado,Si,Si,Desactualizado,Si,Si,Actualizado,Si,No corresponde,NA,NA,Parcialmente,Actualizado,Si,Si,Desactualizado,Si,No,NA,NA,Parcialmente,Desactualizado,Si,No,NA,NA,No corresponde,NA,NA,No,NA,NA,No,NA,NA,Si,Actualizado,Parcialmente,Si,Parcialmente,No,No,NA,NA,No,NA,NA,[A] Administración Central y Desconcentrada / Organismos Descentralizados / Entes del Sector Público Nacional,Si,Desactualizado,No,NA,NA,NA,NA,NA,NA,https://www.argentina.gob.ar/inta,Julián Corvaglia,2024-07-08T00:00:00Z
2024-07-08T12:45:33Z,2° Trimestre 2024 (Abril - Junio),Organismos Descentralizados,NA,NA,NA,Agencia Nacional de Materiales Controlados,NA,Si,Actualizado,No,Si,Actualizado,No,No,NA,NA,No,NA,NA,No,NA,NA,No,NA,NA,Parcialmente,Valor nulo,Parcialmente,Parcialmente,Desactualizado,Si,Parcialmente,Desactualizado,Parcialmente,No corresponde,NA,NA,Parcialmente,Actualizado,Si,Si,Parcialmente,Si,No,NA,NA,Parcialmente,Desactualizado,Si,No,NA,NA,No,NA,NA,No,NA,NA,No,NA,NA,Si,Actualizado,Parcialmente,Si,Parcialmente,No,No,NA,NA,Si,Actualizado,Parcialmente,[A] Administración Central y Desconcentrada / Organismos Descentralizados / Entes del Sector Público Nacional,Si,Actualizado,No,NA,NA,NA,NA,NA,NA,https://www.argentina.gob.ar/seguridad/anmac/transparencia,Matías Zanetti,2024-07-08T00:00:00Z
2024-07-08T13:27:47Z,2° Trimestre 2024 (Abril - Junio),Universidades,Universidad Nacional de General Sarmiento,NA,NA,NA,NA,Si,Actualizado,No,Si,Actualizado,No,Parcialmente,Desactualizado,No,No,NA,NA,No,NA,NA,Si,Desactualizado,No,No,NA,NA,Parcialmente,Actualizado,No,Parcialmente,Desactualizado,Parcialmente,Parcialmente,Actualizado,No,Parcialmente,Actualizado,Si,No,NA,NA,Si,Actualizado,No,No,NA,NA,No,NA,NA,Si,Desactualizado,Si,No corresponde,NA,NA,No,NA,NA,No,NA,NA,Si,Parcialmente,No,No,NA,NA,No,NA,NA,[U] Universidades,NA,NA,NA,NA,NA,NA,No,NA,NA,"https://www.ungs.edu.ar/institucional/gestion-transparencia/gestion-y-transparencia
https://www.ungs.edu.ar/institucional/institucional",Matías Ramiro Sumavil,2024-07-08T00:00:00Z
2024-07-08T15:23:17Z,2° Trimestre 2024 (Abril - Junio),Entes del Sector Público Nacional,NA,NA,Comisión Nacional Antidopaje,NA,NA,Si,Actualizado,No,Si,Actualizado,No,Parcialmente,Desactualizado,Si,Parcialmente,Desactualizado,Si,No,NA,NA,Si,Desactualizado,Si,Parcialmente,Valor nulo,Parcialmente,Si,Actualizado,Si,No,NA,NA,No,NA,NA,Parcialmente,Actualizado,Si,No,NA,NA,No,NA,NA,No,NA,NA,No,NA,NA,No,NA,NA,No corresponde,NA,NA,No,NA,NA,No,NA,NA,No,NA,NA,No,NA,NA,No,NA,NA,[A] Administración Central y Desconcentrada / Organismos Descentralizados / Entes del Sector Público Nacional,Si,Actualizado,No,NA,NA,NA,NA,NA,NA,https://www.argentina.gob.ar/turismoydeportes/comision-nacional-antidopaje,Graciela Karababikian,2024-07-08T00:00:00Z
2024-07-08T15:38:54Z,2° Trimestre 2024 (Abril - Junio),Organismos Descentralizados,NA,NA,NA,Instituto Nacional de Asociativismo y Ministerio de Economía Social,NA,No,NA,NA,Parcialmente,Desactualizado,Si,Parcialmente,Desactualizado,Si,No,NA,NA,Parcialmente,Desactualizado,Si,Si,Desactualizado,Si,Parcialmente,Valor nulo,Si,Si,Actualizado,Si,Parcialmente,Actualizado,Si,Parcialmente,Desactualizado,Si,Si,Actualizado,Si,No,NA,NA,No,NA,NA,Parcialmente,Desactualizado,Si,No,NA,NA,No,NA,NA,No,NA,NA,Si,Actualizado,Si,No,NA,NA,No,NA,NA,No,NA,NA,No,NA,NA,[A] Administración Central y Desconcentrada / Organismos Descentralizados / Entes del Sector Público Nacional,No,NA,NA,NA,NA,NA,NA,NA,NA,https://www.argentina.gob.ar/capital-humano/inaes,Julián Corvaglia,2024-07-08T00:00:00Z
2024-07-08T15:57:59Z,2° Trimestre 2024 (Abril - Junio),Organismos Descentralizados,NA,NA,NA,"Instituto Nacional contra la Discriminación, la Xenofobia y el Racismo",NA,No,NA,NA,No,NA,NA,No,NA,NA,No,NA,NA,No,NA,NA,No,NA,NA,No,NA,NA,No,NA,NA,No,NA,NA,No,NA,NA,No,NA,NA,No,NA,NA,No,NA,NA,No,NA,NA,No,NA,NA,No,NA,NA,No,NA,NA,No,NA,NA,No,NA,NA,No,NA,NA,No,NA,NA,No,NA,NA,[A] Administración Central y Desconcentrada / Organismos Descentralizados / Entes del Sector Público Nacional,No,NA,NA,NA,NA,NA,NA,NA,NA,https://www.argentina.gob.ar/inadi,Julián Corvaglia,2024-07-08T00:00:00Z
2024-07-08T16:51:59Z,2° Trimestre 2024 (Abril - Junio),Empresas Públicas,NA,Casa de Moneda S.E.,NA,NA,NA,Si,Actualizado,Si,Si,Actualizado,Si,Si,Actualizado,Si,Si,Actualizado,Si,Parcialmente,Actualizado,Si,Si,Actualizado,Si,Parcialmente,Valor nulo,Parcialmente,Parcialmente,Actualizado,Si,Parcialmente,Desactualizado,Si,No corresponde,NA,NA,Parcialmente,Actualizado,Si,No,NA,NA,No,NA,NA,Si,Actualizado,Si,No,NA,NA,No corresponde,NA,NA,No corresponde,NA,NA,Si,Actualizado,Parcialmente,No,NA,NA,No,NA,NA,No,NA,NA,Si,Desactualizado,Parcialmente,[E] Empresas Públicas,NA,NA,NA,No,NA,NA,NA,NA,NA,https://www.argentina.gob.ar/casademoneda/transparencia,Susana Aroca,2024-07-08T00:00:00Z
2024-07-08T17:00:00Z,2° Trimestre 2024 (Abril - Junio),Organismos Descentralizados,NA,NA,NA,Biblioteca Nacional Mariano Moreno,NA,Si,Actualizado,No,Si,Actualizado,No,No,NA,NA,No,NA,NA,No,NA,NA,No,NA,NA,No,NA,NA,No,NA,NA,No,NA,NA,No,NA,NA,No,NA,NA,No,NA,NA,No,NA,NA,No,NA,NA,No,NA,NA,No,NA,NA,No,NA,NA,No,NA,NA,No,NA,NA,No,NA,NA,No,NA,NA,No,NA,NA,[A] Administración Central y Desconcentrada / Organismos Descentralizados / Entes del Sector Público Nacional,Si,Actualizado,No,NA,NA,NA,NA,NA,NA,https://www.bn.gov.ar/,Matías Zanetti,2024-07-08T00:00:00Z
2024-07-08T17:14:09Z,2° Trimestre 2024 (Abril - Junio),Empresas Públicas,NA,Banco de la Nación Argentina,NA,NA,NA,No,NA,NA,Si,Desactualizado,No,Si,Actualizado,Si,Parcialmente,Actualizado,Si,No,NA,NA,No,NA,NA,Parcialmente,Valor nulo,Parcialmente,No,NA,NA,Parcialmente,Desactualizado,Si,No,NA,NA,Parcialmente,Actualizado,Si,Parcialmente,Desactualizado,Parcialmente,Si,Actualizado,Parcialmente,Si,Actualizado,Si,No,NA,NA,No,NA,NA,No corresponde,NA,NA,Si,Actualizado,Parcialmente,No,NA,NA,No,NA,NA,Si,Desactualizado,No,Si,Desactualizado,Parcialmente,[E] Empresas Públicas,NA,NA,NA,No,NA,NA,NA,NA,NA,https://www.bna.com.ar/Institucional/AccesoALaInformacion,Susana Aroca,2024-07-08T00:00:00Z
2024-07-10T11:59:47Z,2° Trimestre 2024 (Abril - Junio),Organismos Descentralizados,NA,NA,NA,Administración Nacional de Aviación Civil,NA,Si,Actualizado,No,Si,Actualizado,No,Parcialmente,Actualizado,Si,Parcialmente,Actualizado,Si,Parcialmente,Actualizado,Si,Si,Actualizado,Si,Parcialmente,Valor nulo,Parcialmente,Si,Desactualizado,Si,Parcialmente,Actualizado,Si,No corresponde,NA,NA,Si,Actualizado,Si,No,NA,NA,Si,Desactualizado,Si,Parcialmente,Desactualizado,Si,No,NA,NA,No,NA,NA,No,NA,NA,No,NA,NA,No,NA,NA,Si,Actualizado,No,No,NA,NA,No,NA,NA,[A] Administración Central y Desconcentrada / Organismos Descentralizados / Entes del Sector Público Nacional,Si,Actualizado,No,NA,NA,NA,NA,NA,NA,https://www.argentina.gob.ar/anac/transparencia,Matías Zanetti,2024-07-10T00:00:00Z
2024-07-10T12:16:33Z,2° Trimestre 2024 (Abril - Junio),Organismos Descentralizados,NA,NA,NA,Instituto Nacional Central Único Coordinador de Ablación e Implante,NA,Si,Desactualizado,No,No,NA,NA,Parcialmente,Desactualizado,Si,Parcialmente,Desactualizado,Si,Si,Actualizado,Si,No,NA,NA,Parcialmente,Valor nulo,Parcialmente,Si,Desactualizado,Si,Parcialmente,Actualizado,Si,No,NA,NA,Si,Actualizado,Si,Parcialmente,Parcialmente,Si,No,NA,NA,Parcialmente,Actualizado,Si,No,NA,NA,No,NA,NA,No,NA,NA,No,NA,NA,No,NA,NA,No,NA,NA,No,NA,NA,No,NA,NA,[A] Administración Central y Desconcentrada / Organismos Descentralizados / Entes del Sector Público Nacional,Si,Desactualizado,No,NA,NA,NA,NA,NA,NA,https://www.argentina.gob.ar/salud/incucai,Julian Corvaglia,2024-07-10T00:00:00Z
2024-07-10T13:09:04Z,2° Trimestre 2024 (Abril - Junio),Organismos Descentralizados,NA,NA,NA,Agencia Nacional de Seguridad Vial,NA,Si,Actualizado,No,Si,Actualizado,No,Si,Actualizado,Si,Si,Actualizado,Si,Si,Actualizado,Si,No,NA,NA,Si,Actualizado,Si,Si,Actualizado,Si,Parcialmente,Actualizado,Si,No corresponde,NA,NA,Si,Actualizado,Si,Si,Actualizado,Si,No,NA,NA,Parcialmente,Actualizado,Si,No,NA,NA,No,NA,NA,No,NA,NA,No,NA,NA,No,NA,NA,Si,Actualizado,No,No,NA,NA,Si,Actualizado,Parcialmente,[A] Administración Central y Desconcentrada / Organismos Descentralizados / Entes del Sector Público Nacional,Si,Actualizado,No,NA,NA,NA,NA,NA,NA,https://www.argentina.gob.ar/seguridadvial/transparencia,Matías Zanetti,2024-07-10T00:00:00Z
2024-07-10T15:30:23Z,2° Trimestre 2024 (Abril - Junio),Entes del Sector Público Nacional,NA,NA,Corporación Antiguo Puerto Madero S.A.,NA,NA,No,NA,NA,No,NA,NA,No,NA,NA,No,NA,NA,No,NA,NA,No,NA,NA,No,NA,NA,No,NA,NA,No,NA,NA,No,NA,NA,No,NA,NA,No,NA,NA,No,NA,NA,No,NA,NA,No,NA,NA,No,NA,NA,No corresponde,NA,NA,No,NA,NA,No,NA,NA,No,NA,NA,No,NA,NA,No,NA,NA,[A] Administración Central y Desconcentrada / Organismos Descentralizados / Entes del Sector Público Nacional,No,NA,NA,NA,NA,NA,NA,NA,NA,https://puertomadero.com/,Graciela Karababikian,2024-07-10T00:00:00Z
2024-07-10T15:44:13Z,2° Trimestre 2024 (Abril - Junio),Organismos Descentralizados,NA,NA,NA,Agencia de Administración de Bienes del Estado,NA,No,NA,NA,Parcialmente,Desactualizado,Si,No,NA,NA,No,NA,NA,No,NA,NA,No,NA,NA,Parcialmente,Valor nulo,Parcialmente,Si,Desactualizado,Si,Si,Desactualizado,Si,No corresponde,NA,NA,Parcialmente,Actualizado,Si,Parcialmente,Desactualizado,Si,No,NA,NA,Parcialmente,Desactualizado,Si,No,NA,NA,No corresponde,NA,NA,No,NA,NA,Si,Actualizado,Si,No,NA,NA,No,NA,NA,No,NA,NA,No,NA,NA,[A] Administración Central y Desconcentrada / Organismos Descentralizados / Entes del Sector Público Nacional,No,NA,NA,NA,NA,NA,NA,NA,NA,https://www.argentina.gob.ar/bienesdelestado,Julián Corvaglia,2024-07-10T00:00:00Z
2024-07-10T16:14:35Z,2° Trimestre 2024 (Abril - Junio),Entes del Sector Público Nacional,NA,NA,Corporación del Mercado Central de Bs. As.,NA,NA,Si,Actualizado,No,Parcialmente,Actualizado,No,Parcialmente,Actualizado,No,No,NA,NA,No,NA,NA,No,NA,NA,No,NA,NA,No,NA,NA,No,NA,NA,No,NA,NA,Parcialmente,Actualizado,Si,No,NA,NA,No,NA,NA,No,NA,NA,No,NA,NA,No,NA,NA,No corresponde,NA,NA,No,NA,NA,No,NA,NA,No,NA,NA,No,NA,NA,No,NA,NA,[A] Administración Central y Desconcentrada / Organismos Descentralizados / Entes del Sector Público Nacional,Si,Actualizado,No,NA,NA,NA,NA,NA,NA,https://www.mercadocentral.gob.ar/,Susana Aroca,2024-07-10T00:00:00Z
2024-07-10T16:43:22Z,2° Trimestre 2024 (Abril - Junio),Organismos Descentralizados,NA,NA,NA,Comisión Nacional de Actividades Espaciales,NA,Si,Actualizado,No,Parcialmente,Actualizado,No,Parcialmente,Actualizado,Si,Parcialmente,Actualizado,Parcialmente,Parcialmente,Parcialmente,Si,Si,Actualizado,Si,Parcialmente,Valor nulo,Parcialmente,Parcialmente,Desactualizado,Si,Parcialmente,Actualizado,Si,No corresponde,NA,NA,Si,Actualizado,Si,No,NA,NA,No,NA,NA,Parcialmente,Actualizado,Si,No,NA,NA,No,NA,NA,No,NA,NA,No,NA,NA,Si,Actualizado,Parcialmente,No,NA,NA,No,NA,NA,No,NA,NA,[A] Administración Central y Desconcentrada / Organismos Descentralizados / Entes del Sector Público Nacional,Si,Actualizado,No,NA,NA,NA,NA,NA,NA,https://www.argentina.gob.ar/ciencia/conae/transparencia,Matías Zanetti,2024-07-10T00:00:00Z
2024-07-10T16:49:24Z,2° Trimestre 2024 (Abril - Junio),Entes del Sector Público Nacional,NA,NA,Corporación Interestadual Pulmarí,NA,NA,Si,Actualizado,No,No,NA,NA,No,NA,NA,No,NA,NA,No,NA,NA,No,NA,NA,No,NA,NA,No,NA,NA,No,NA,NA,No,NA,NA,No,NA,NA,No,NA,NA,No,NA,NA,No,NA,NA,No,NA,NA,No,NA,NA,No corresponde,NA,NA,No,NA,NA,No,NA,NA,No,NA,NA,No,NA,NA,No,NA,NA,[A] Administración Central y Desconcentrada / Organismos Descentralizados / Entes del Sector Público Nacional,Si,Desactualizado,No,NA,NA,NA,NA,NA,NA,https://www.pulmari.org/,Graciela Karababikian,2024-07-10T00:00:00Z
2024-07-11T08:48:42Z,2° Trimestre 2024 (Abril - Junio),Empresas Públicas,NA,Banco Hipotecario S.A.,NA,NA,NA,No,NA,NA,Si,Actualizado,No,Parcialmente,Parcialmente,No,No,NA,NA,No,NA,NA,No,NA,NA,No,NA,NA,No,NA,NA,Parcialmente,Actualizado,Parcialmente,No,NA,NA,No,NA,NA,Si,Actualizado,Parcialmente,No,NA,NA,No,NA,NA,No,NA,NA,No,NA,NA,No corresponde,NA,NA,Si,Desactualizado,Parcialmente,No,NA,NA,No,NA,NA,No,NA,NA,Si,Actualizado,Parcialmente,[E] Empresas Públicas,NA,NA,NA,Si,Actualizado,No,NA,NA,NA,"https://www.hipotecario.com.ar/
",Susana Aroca,2024-07-11T00:00:00Z
2024-07-11T10:45:20Z,2° Trimestre 2024 (Abril - Junio),Empresas Públicas,NA,Nación Bursátil S.A.,NA,NA,NA,Si,Actualizado,No,Si,Desactualizado,No,Si,Desactualizado,No,No,NA,NA,No,NA,NA,Si,Desactualizado,No,No,NA,NA,No,NA,NA,Parcialmente,Desactualizado,Parcialmente,No,NA,NA,No,NA,NA,Si,Desactualizado,Parcialmente,No,NA,NA,Parcialmente,Desactualizado,No,No,NA,NA,No,NA,NA,No corresponde,NA,NA,Si,Desactualizado,Parcialmente,No,NA,NA,No,NA,NA,No,NA,NA,Si,Desactualizado,Parcialmente,[E] Empresas Públicas,NA,NA,NA,No,NA,NA,NA,NA,NA,"https://nacionbursatil.com.ar/acceso-info-publica

",Susana Aroca,2024-07-11T00:00:00Z
2024-07-11T11:03:03Z,2° Trimestre 2024 (Abril - Junio),Administración Central y Desconcentrada,NA,NA,NA,NA,Archivo Nacional de la Memoria,Si,Actualizado,No,Si,Actualizado,No,Parcialmente,Actualizado,No,No,NA,NA,No,NA,NA,No,NA,NA,No,NA,NA,No,NA,NA,No,NA,NA,No,NA,NA,No,NA,NA,No,NA,NA,No,NA,NA,No,NA,NA,No,NA,NA,No,NA,NA,No,NA,NA,No,NA,NA,No,NA,NA,No,NA,NA,No,NA,NA,No,NA,NA,[A] Administración Central y Desconcentrada / Organismos Descentralizados / Entes del Sector Público Nacional,Si,Actualizado,No,NA,NA,NA,NA,NA,NA,https://www.argentina.gob.ar/derechoshumanos/ANM,Matías Zanetti,2024-07-11T00:00:00Z
2024-07-11T12:39:33Z,2° Trimestre 2024 (Abril - Junio),Organismos Descentralizados,NA,NA,NA,Instituto Geográfico Nacional,NA,Si,Desactualizado,No,Parcialmente,Desactualizado,No,Parcialmente,Actualizado,No,No,NA,NA,Parcialmente,Desactualizado,Parcialmente,No,NA,NA,Parcialmente,Desactualizado,Parcialmente,Parcialmente,Desactualizado,Parcialmente,Parcialmente,Actualizado,Parcialmente,No,NA,NA,No,NA,NA,No,NA,NA,No,NA,NA,Parcialmente,Actualizado,Si,No,NA,NA,No,NA,NA,No,NA,NA,No,NA,NA,No,NA,NA,No,NA,NA,No,NA,NA,No,NA,NA,[A] Administración Central y Desconcentrada / Organismos Descentralizados / Entes del Sector Público Nacional,No,NA,NA,NA,NA,NA,NA,NA,NA,https://www.ign.gob.ar/,Julián Corvaglia,2024-07-11T00:00:00Z
2024-07-11T12:59:33Z,2° Trimestre 2024 (Abril - Junio),Universidades,Universidad Nacional del Sur,NA,NA,NA,NA,No,NA,NA,Si,Actualizado,No,Parcialmente,Actualizado,No,No,NA,NA,No,NA,NA,No,NA,NA,No,NA,NA,Parcialmente,Actualizado,Si,Parcialmente,Desactualizado,Parcialmente,Si,Parcialmente,Si,Parcialmente,Actualizado,Si,No,NA,NA,Si,Actualizado,Si,No,NA,NA,No,NA,NA,Si,Actualizado,No,No corresponde,NA,NA,No,NA,NA,No,NA,NA,Si,Parcialmente,Si,No,NA,NA,Si,Actualizado,Si,[U] Universidades,NA,NA,NA,NA,NA,NA,Si,Actualizado,No,"https://www.uns.edu.ar/
https://www.uns.edu.ar/institucional/politicas-de-transparencia_general
https://www.uns.edu.ar/contenidos/411/652#anuarios
https://www.uns.edu.ar/contenidos/45/95#disposiciones",Matías Ramiro Sumavil,2024-07-11T00:00:00Z
2024-07-11T13:03:21Z,2° Trimestre 2024 (Abril - Junio),Administración Central y Desconcentrada,NA,NA,NA,NA,Comisión Nacional de Comercio Exterior,Si,Actualizado,Si,Si,Actualizado,No,Parcialmente,Actualizado,Si,Parcialmente,Actualizado,Si,Parcialmente,Actualizado,Si,Si,Actualizado,Si,Parcialmente,Valor nulo,Parcialmente,Si,Actualizado,Si,Parcialmente,Actualizado,Si,No corresponde,NA,NA,Si,Actualizado,Si,Si,Actualizado,Si,No,NA,NA,Si,Actualizado,Si,Si,Actualizado,Si,No corresponde,NA,NA,Si,Actualizado,Si,No,NA,NA,No,NA,NA,No,NA,NA,No,NA,NA,Si,Desactualizado,Parcialmente,[A] Administración Central y Desconcentrada / Organismos Descentralizados / Entes del Sector Público Nacional,Si,Actualizado,No,NA,NA,NA,NA,NA,NA,https://www.argentina.gob.ar/cnce/transparencia,Matías Zanetti,2024-07-11T00:00:00Z
2024-07-11T13:03:38Z,2° Trimestre 2024 (Abril - Junio),Empresas Públicas,NA,Nación Seguros de Retiros S.A.,NA,NA,NA,Si,Actualizado,No,Si,Actualizado,No,Parcialmente,Desactualizado,Si,Parcialmente,Desactualizado,Si,No,NA,NA,No,NA,NA,Parcialmente,Valor nulo,Parcialmente,No,NA,NA,No,NA,NA,No,NA,NA,Parcialmente,Parcialmente,Si,No,NA,NA,No,NA,NA,Si,Desactualizado,Si,No,NA,NA,No,NA,NA,No corresponde,NA,NA,Si,Desactualizado,Si,No,NA,NA,No,NA,NA,No,NA,NA,No,NA,NA,[E] Empresas Públicas,NA,NA,NA,Si,Desactualizado,Si,NA,NA,NA,"https://www.nacion-retiro.com.ar/transparencia-activa/

",Susana Aroca,2024-07-11T00:00:00Z
2024-07-11T14:24:04Z,2° Trimestre 2024 (Abril - Junio),Empresas Públicas,NA,Nación ReaSeguros S.A.,NA,NA,NA,Si,Actualizado,No,Parcialmente,Desactualizado,Si,Si,Desactualizado,Si,Parcialmente,Desactualizado,Si,No,NA,NA,Si,Desactualizado,No,Parcialmente,Valor nulo,Parcialmente,No,NA,NA,No,NA,NA,No,NA,NA,No,NA,NA,No,NA,NA,No,NA,NA,Si,Desactualizado,Si,No,NA,NA,No,NA,NA,No corresponde,NA,NA,Si,Desactualizado,Si,No,NA,NA,No,NA,NA,No,NA,NA,No,NA,NA,[E] Empresas Públicas,NA,NA,NA,Si,Desactualizado,Si,NA,NA,NA,"https://www.nacionreaseguros.com.ar/transparencia-activa/
",Susana Aroca,2024-07-11T00:00:00Z
2024-07-11T15:33:46Z,2° Trimestre 2024 (Abril - Junio),Empresas Públicas,NA,Correo Argentino S.A.,NA,NA,NA,Si,Actualizado,No,Si,Actualizado,No,Si,Actualizado,Si,Si,Actualizado,Si,No,NA,NA,Si,Parcialmente,Si,No,NA,NA,No,NA,NA,Parcialmente,Actualizado,Si,Parcialmente,Desactualizado,Parcialmente,Si,Actualizado,Si,Si,Actualizado,Si,No,NA,NA,Parcialmente,Actualizado,Si,No,NA,NA,No corresponde,NA,NA,No corresponde,NA,NA,Si,Actualizado,Si,No,NA,NA,Si,Actualizado,Si,Si,Actualizado,Si,Si,Actualizado,Si,[E] Empresas Públicas,NA,NA,NA,No,NA,NA,NA,NA,NA,https://www.correoargentino.com.ar/transparencia-activa/,Graciela Karababikian,2024-07-11T00:00:00Z
2024-07-11T16:05:34Z,2° Trimestre 2024 (Abril - Junio),Organismos Descentralizados,NA,NA,NA,Instituto de Ayuda Financiera para Pago de Retiros y Pensiones Militares,NA,Si,Actualizado,No,Si,Desactualizado,Si,Parcialmente,Actualizado,Si,Si,Actualizado,Si,Si,Actualizado,Si,Si,Actualizado,Si,Parcialmente,Valor nulo,Parcialmente,Si,Actualizado,Si,Parcialmente,Actualizado,Si,No corresponde,NA,NA,Si,Actualizado,Si,Si,Actualizado,Si,No,NA,NA,Si,Actualizado,Si,No,NA,NA,No,NA,NA,No,NA,NA,No,NA,NA,Si,Actualizado,Parcialmente,No,NA,NA,Si,Actualizado,No,Si,Actualizado,Si,[A] Administración Central y Desconcentrada / Organismos Descentralizados / Entes del Sector Público Nacional,No,NA,NA,NA,NA,NA,NA,NA,NA,https://www.argentina.gob.ar/iaf,Julián Corvaglia,2024-07-11T00:00:00Z
2024-07-11T16:54:46Z,2° Trimestre 2024 (Abril - Junio),Administración Central y Desconcentrada,NA,NA,NA,NA,"Ministerio de Relaciones Exteriores, Comercio Internacional y Culto",No,NA,NA,Si,Actualizado,Si,Si,Actualizado,Si,Si,Actualizado,Si,Si,Actualizado,Si,Si,Actualizado,Si,Parcialmente,Valor nulo,Parcialmente,Parcialmente,Desactualizado,Si,Parcialmente,Actualizado,No,No,NA,NA,Si,Actualizado,Si,No,NA,NA,No,NA,NA,Parcialmente,Actualizado,Si,No,NA,NA,No corresponde,NA,NA,No,NA,NA,No,NA,NA,No,NA,NA,No,NA,NA,No,NA,NA,No,NA,NA,[A] Administración Central y Desconcentrada / Organismos Descentralizados / Entes del Sector Público Nacional,No,NA,NA,NA,NA,NA,NA,NA,NA,https://www.argentina.gob.ar/cancilleria/transparencia,Matías Zanetti,2024-07-11T00:00:00Z
2024-07-12T10:18:58Z,2° Trimestre 2024 (Abril - Junio),Organismos Descentralizados,NA,NA,NA,Fundación Miguel Lillo,NA,Si,Desactualizado,No,Parcialmente,Desactualizado,No,Parcialmente,Desactualizado,Si,No,NA,NA,Parcialmente,Parcialmente,Si,No,NA,NA,No,NA,NA,Parcialmente,Desactualizado,Si,Parcialmente,Desactualizado,Si,No,NA,NA,Parcialmente,Actualizado,Si,Si,Actualizado,Si,No,NA,NA,Si,Actualizado,Si,No,NA,NA,No,NA,NA,No,NA,NA,No,NA,NA,No,NA,NA,No,NA,NA,No,NA,NA,No,NA,NA,[A] Administración Central y Desconcentrada / Organismos Descentralizados / Entes del Sector Público Nacional,No,NA,NA,NA,NA,NA,NA,NA,NA,https://www.lillo.org.ar/,Julián Corvaglia,2024-07-12T00:00:00Z
2024-07-12T10:25:17Z,2° Trimestre 2024 (Abril - Junio),Empresas Públicas,NA,Nucleoeléctrica Argentina S.A.,NA,NA,NA,Si,Actualizado,No,Si,Actualizado,No,Parcialmente,Desactualizado,Si,No,NA,NA,Parcialmente,Actualizado,Si,Si,Desactualizado,Si,Parcialmente,Valor nulo,Parcialmente,Si,Desactualizado,Si,Parcialmente,Actualizado,Si,Parcialmente,Actualizado,Si,Si,Actualizado,Si,Si,Actualizado,Si,No,NA,NA,Parcialmente,Desactualizado,Si,No,NA,NA,No,NA,NA,No corresponde,NA,NA,Si,Actualizado,Si,Si,Actualizado,Si,No,NA,NA,Si,Actualizado,Si,Si,Desactualizado,Si,[E] Empresas Públicas,NA,NA,NA,No,NA,NA,NA,NA,NA,https://www.na-sa.com.ar/es/Transparencia-Activa,Graciela Karababikian,2024-07-12T00:00:00Z
2024-07-12T10:25:21Z,2° Trimestre 2024 (Abril - Junio),Organismos Descentralizados,NA,NA,NA,Instituto Nacional de Tecnología Industrial,NA,Si,Actualizado,Si,No,NA,NA,Si,Actualizado,Si,Si,Actualizado,Si,Si,Actualizado,Si,Si,Actualizado,Si,Parcialmente,Desactualizado,Si,Si,Actualizado,Si,Si,Actualizado,Si,No corresponde,NA,NA,Si,Actualizado,Si,Parcialmente,Parcialmente,Si,No,NA,NA,Si,Actualizado,Si,Si,Actualizado,Si,No corresponde,NA,NA,No,NA,NA,Si,Actualizado,Si,Si,Actualizado,Si,Si,Actualizado,Si,No,NA,NA,Si,Actualizado,Si,[A] Administración Central y Desconcentrada / Organismos Descentralizados / Entes del Sector Público Nacional,Si,Actualizado,No,NA,NA,NA,NA,NA,NA,https://www.argentina.gob.ar/inti,Julián Corvaglia,2024-07-12T00:00:00Z
2024-07-12T11:08:34Z,2° Trimestre 2024 (Abril - Junio),Empresas Públicas,NA,Nación Servicios S.A.,NA,NA,NA,Si,Desactualizado,No,Si,Actualizado,Si,Parcialmente,Desactualizado,No,No,NA,NA,No,NA,NA,Si,Desactualizado,Si,Parcialmente,Valor nulo,Parcialmente,Si,Desactualizado,Si,No,NA,NA,No,NA,NA,Parcialmente,Actualizado,Parcialmente,No,NA,NA,No,NA,NA,Si,Desactualizado,Si,No,NA,NA,No,NA,NA,No,NA,NA,Si,Desactualizado,Parcialmente,No,NA,NA,No,NA,NA,No,NA,NA,No,NA,NA,[E] Empresas Públicas,NA,NA,NA,No,NA,NA,NA,NA,NA,https://www.nacionservicios.com.ar/,Susana Aroca,2024-07-12T00:00:00Z
2024-07-12T11:58:44Z,2° Trimestre 2024 (Abril - Junio),Empresas Públicas,NA,DIOXITEK S.A.,NA,NA,NA,No,NA,NA,Si,Desactualizado,No,No,NA,NA,No,NA,NA,Parcialmente,Actualizado,Si,Si,Desactualizado,No,Parcialmente,Valor nulo,Parcialmente,Parcialmente,Desactualizado,Si,Parcialmente,Desactualizado,Si,No,NA,NA,No,NA,NA,No,NA,NA,No,NA,NA,Parcialmente,Desactualizado,Si,No,NA,NA,No,NA,NA,No,NA,NA,Si,Desactualizado,Si,No,NA,NA,No,NA,NA,No,NA,NA,No,NA,NA,[E] Empresas Públicas,NA,NA,NA,No,NA,NA,NA,NA,NA,https://dioxitek.com.ar/,Julián Corvaglia,2024-07-12T00:00:00Z
2024-07-12T12:02:22Z,2° Trimestre 2024 (Abril - Junio),Empresas Públicas,NA,Nación Seguros S.A.,NA,NA,NA,Si,Actualizado,No,Si,Actualizado,No,Parcialmente,Desactualizado,Si,No,NA,NA,No,NA,NA,Si,Actualizado,No,Parcialmente,Valor nulo,Parcialmente,Si,Actualizado,Si,Parcialmente,Desactualizado,Si,No,NA,NA,Parcialmente,Actualizado,Si,No,NA,NA,No,NA,NA,Parcialmente,Actualizado,Si,No,NA,NA,No,NA,NA,No corresponde,NA,NA,Si,Desactualizado,Si,No,NA,NA,No,NA,NA,No,NA,NA,No,NA,NA,[E] Empresas Públicas,NA,NA,NA,Si,Desactualizado,Si,NA,NA,NA,https://www.nacion-seguros.com.ar/transparencia-activa/,Graciela Karababikian,2024-07-12T00:00:00Z
2024-07-12T12:04:11Z,2° Trimestre 2024 (Abril - Junio),Organismos Descentralizados,NA,NA,NA,Agencia de Acceso a la Información Pública,NA,Si,Actualizado,Si,Si,Actualizado,Si,Si,Actualizado,Si,Si,Actualizado,Si,Si,Actualizado,Si,Si,Actualizado,Si,Si,Actualizado,Si,Si,Actualizado,Si,Si,Actualizado,Si,No corresponde,NA,NA,Si,Actualizado,Si,Si,Actualizado,Si,Si,Actualizado,Si,Si,Actualizado,Si,Si,Actualizado,Si,Si,Actualizado,Si,Si,Actualizado,Si,Si,Actualizado,Si,Si,Actualizado,Si,Si,Actualizado,Si,Si,Actualizado,Si,Si,Actualizado,Si,[A] Administración Central y Desconcentrada / Organismos Descentralizados / Entes del Sector Público Nacional,Si,Actualizado,Si,NA,NA,NA,NA,NA,NA,https://www.argentina.gob.ar/aaip/transparencia-aaip/transparencia,Matías Zanetti,2024-07-12T00:00:00Z
2024-07-12T12:27:01Z,2° Trimestre 2024 (Abril - Junio),Organismos Descentralizados,NA,NA,NA,Comisión Nacional de Valores,NA,Si,Actualizado,No,Si,Actualizado,Si,Parcialmente,Actualizado,No,Parcialmente,Actualizado,Si,Parcialmente,Actualizado,Si,No,NA,NA,Parcialmente,Valor nulo,Parcialmente,Si,Actualizado,Si,Parcialmente,Actualizado,Si,No corresponde,NA,NA,Parcialmente,Actualizado,Si,Parcialmente,Actualizado,Parcialmente,No,NA,NA,Parcialmente,Actualizado,Si,Si,Actualizado,Si,Si,Actualizado,No,No,NA,NA,No,NA,NA,No,NA,NA,No,NA,NA,No,NA,NA,Si,Actualizado,Parcialmente,[A] Administración Central y Desconcentrada / Organismos Descentralizados / Entes del Sector Público Nacional,Si,Actualizado,No,NA,NA,NA,NA,NA,NA,https://www.argentina.gob.ar/cnv/transparencia,Matías Zanetti,2024-07-12T00:00:00Z
2024-07-12T12:46:57Z,2° Trimestre 2024 (Abril - Junio),Empresas Públicas,NA,Pellegrini S.A.,NA,NA,NA,Si,Actualizado,No,Si,Actualizado,No,Parcialmente,Desactualizado,No,No,NA,NA,No,NA,NA,Si,Desactualizado,No,No,NA,NA,No,NA,NA,Parcialmente,Desactualizado,Parcialmente,No,NA,NA,No,NA,NA,No,NA,NA,No,NA,NA,No,NA,NA,No,NA,NA,No,NA,NA,No corresponde,NA,NA,No,NA,NA,No,NA,NA,Si,Actualizado,No,No,NA,NA,Si,Desactualizado,Parcialmente,[E] Empresas Públicas,NA,NA,NA,No,NA,NA,NA,NA,NA,https://www.pellegrinifci.com.ar/institucional,Susana Aroca,2024-07-12T00:00:00Z
2024-07-12T13:36:12Z,2° Trimestre 2024 (Abril - Junio),Organismos Descentralizados,NA,NA,NA,Hospital Nacional y Comunidad Dr. Ramón Carrillo,NA,Si,Desactualizado,No,Parcialmente,Desactualizado,Si,Parcialmente,Desactualizado,Si,No,NA,NA,Parcialmente,Desactualizado,Si,Si,Desactualizado,Si,Parcialmente,Valor nulo,Si,Si,Desactualizado,Si,Parcialmente,Desactualizado,Si,No,NA,NA,Si,Actualizado,Si,No,NA,NA,No,NA,NA,Parcialmente,Actualizado,Si,No,NA,NA,No,NA,NA,No,NA,NA,No,NA,NA,No,NA,NA,No,NA,NA,No,NA,NA,No,NA,NA,[A] Administración Central y Desconcentrada / Organismos Descentralizados / Entes del Sector Público Nacional,No,NA,NA,NA,NA,NA,NA,NA,NA,https://www.argentina.gob.ar/salud/hospitalcarrillo,Julián Corvaglia,2024-07-12T00:00:00Z
2024-07-12T13:40:50Z,2° Trimestre 2024 (Abril - Junio),Empresas Públicas,NA,Correo Argentino S.A.,NA,NA,NA,Si,Actualizado,No,Si,Actualizado,No,Si,Actualizado,Si,Si,Actualizado,Si,No,NA,NA,Si,Actualizado,Si,No,NA,NA,Si,Actualizado,Si,Parcialmente,Parcialmente,Si,Parcialmente,Desactualizado,Si,Si,Actualizado,Si,Si,Actualizado,Si,No,NA,NA,Parcialmente,Actualizado,Si,No,NA,NA,No corresponde,NA,NA,No corresponde,NA,NA,Si,Actualizado,Si,No,NA,NA,Si,Actualizado,Si,Si,Actualizado,Si,Si,Actualizado,Si,[E] Empresas Públicas,NA,NA,NA,No,NA,NA,NA,NA,NA,https://www.correoargentino.com.ar/transparencia-activa,Graciela Karababikian,2024-07-12T00:00:00Z
2024-07-12T14:14:12Z,2° Trimestre 2024 (Abril - Junio),Empresas Públicas,NA,Administración General de Puertos S.E.,NA,NA,NA,Si,Actualizado,Si,Si,Actualizado,Si,Si,Actualizado,Si,Si,Actualizado,Si,Parcialmente,Actualizado,Si,No,NA,NA,No,NA,NA,Si,Actualizado,Si,Parcialmente,Desactualizado,Si,No corresponde,NA,NA,Parcialmente,Desactualizado,Si,Si,Actualizado,Si,No,NA,NA,Si,Actualizado,Si,Si,Actualizado,Si,Si,Actualizado,Si,Si,Actualizado,Si,Si,Actualizado,Si,No,NA,NA,Si,Actualizado,Si,No,NA,NA,Si,Actualizado,Si,[E] Empresas Públicas,NA,NA,NA,No,NA,NA,NA,NA,NA,https://www.argentina.gob.ar/transporte/administracion-general-puertos-se/transparencia-activa,Susana Aroca,2024-07-12T00:00:00Z
2024-07-12T16:30:47Z,2° Trimestre 2024 (Abril - Junio),Empresas Públicas,NA,Empresa Argentina de Soluciones Satelitales Sociedad Anónima (ARSAT S.A.),NA,NA,NA,Si,Actualizado,Si,Si,Actualizado,Si,Parcialmente,Actualizado,Si,No,NA,NA,Parcialmente,Actualizado,Si,Si,Actualizado,Si,No,NA,NA,Si,Actualizado,Si,Parcialmente,Actualizado,Si,Si,Desactualizado,Si,Parcialmente,Actualizado,Si,No,NA,NA,No,NA,NA,Si,Actualizado,Si,Si,Actualizado,Si,No,NA,NA,Si,Desactualizado,Si,Si,Actualizado,Si,No,NA,NA,Si,Actualizado,No,No,NA,NA,No,NA,NA,[E] Empresas Públicas,NA,NA,NA,No,NA,NA,NA,NA,NA,https://www.arsat.com.ar/acerca-de-arsat/transparencia-activa/,Graciela Karababikian,2024-07-12T00:00:00Z
2024-07-12T16:36:59Z,2° Trimestre 2024 (Abril - Junio),Organismos Descentralizados,NA,NA,NA,Administración de Parques Nacionales,NA,Si,Actualizado,Si,Si,Actualizado,Si,Si,Actualizado,Si,Si,Actualizado,Si,Si,Actualizado,Si,No,NA,NA,Parcialmente,Valor nulo,Parcialmente,Si,Actualizado,Si,Si,Actualizado,Si,Si,Parcialmente,Si,Si,Actualizado,Si,Parcialmente,Parcialmente,Si,No,NA,NA,Si,Actualizado,Si,Si,Actualizado,Si,No corresponde,NA,NA,No,NA,NA,No,NA,NA,No,NA,NA,No,NA,NA,No,NA,NA,No,NA,NA,[A] Administración Central y Desconcentrada / Organismos Descentralizados / Entes del Sector Público Nacional,Si,Actualizado,No,NA,NA,NA,NA,NA,NA,https://www.argentina.gob.ar/parquesnacionales/transparencia,Matías Zanetti,2024-07-12T00:00:00Z
2024-07-12T17:34:56Z,2° Trimestre 2024 (Abril - Junio),Universidades,Universidad Nacional de Córdoba,NA,NA,NA,NA,Si,Actualizado,No,Si,Actualizado,No,Parcialmente,Actualizado,No,Parcialmente,Actualizado,Parcialmente,No,NA,NA,No,NA,NA,No,NA,NA,No,NA,NA,Parcialmente,Desactualizado,Parcialmente,No,NA,NA,Si,Actualizado,Parcialmente,Si,Actualizado,Parcialmente,Si,Actualizado,Parcialmente,No,NA,NA,No,NA,NA,Si,Desactualizado,No,No corresponde,NA,NA,No,NA,NA,Si,Desactualizado,Parcialmente,Si,Parcialmente,No,Si,Actualizado,No,Si,Desactualizado,No,[U] Universidades,NA,NA,NA,NA,NA,NA,No,NA,NA,"https://www.unc.edu.ar/
https://pep.unc.edu.ar/
https://digesto.unc.edu.ar/",Matías Ramiro Sumavil,2024-07-12T00:00:00Z
2024-07-15T10:06:51Z,2° Trimestre 2024 (Abril - Junio),Entes del Sector Público Nacional,NA,NA,Banco Central de la República Argentina,NA,NA,Si,Actualizado,No,Si,Actualizado,Si,Parcialmente,Actualizado,Si,Si,Actualizado,Si,Si,Actualizado,Si,Si,Actualizado,Si,Parcialmente,Valor nulo,Parcialmente,Si,Desactualizado,Si,Parcialmente,Actualizado,Si,No,NA,NA,Si,Actualizado,Si,Si,Actualizado,Si,No,NA,NA,Si,Actualizado,Si,No,NA,NA,No,NA,NA,No corresponde,NA,NA,Si,Actualizado,No,No,NA,NA,Si,Actualizado,No,No,NA,NA,Si,Desactualizado,Parcialmente,[A] Administración Central y Desconcentrada / Organismos Descentralizados / Entes del Sector Público Nacional,Si,Parcialmente,No,NA,NA,NA,NA,NA,NA,https://www.bcra.gob.ar/Institucional/Acceso_Informacion.asp,Susana Aroca,2024-07-15T00:00:00Z
2024-07-15T11:15:06Z,2° Trimestre 2024 (Abril - Junio),Organismos Descentralizados,NA,NA,NA,Centro Internacional para la Promoción de los Derechos Humanos,NA,Si,Actualizado,No,Si,Actualizado,No,Parcialmente,Actualizado,No,Parcialmente,Actualizado,Si,No,NA,NA,No,NA,NA,Parcialmente,Valor nulo,Parcialmente,Si,Actualizado,Si,Parcialmente,Actualizado,Si,No corresponde,NA,NA,Parcialmente,Actualizado,Si,Parcialmente,Actualizado,Si,No,NA,NA,Parcialmente,Actualizado,Si,Si,Actualizado,Si,No,NA,NA,No,NA,NA,No,NA,NA,Si,Actualizado,No,No,NA,NA,No,NA,NA,Si,Actualizado,Parcialmente,[A] Administración Central y Desconcentrada / Organismos Descentralizados / Entes del Sector Público Nacional,Si,Actualizado,No,NA,NA,NA,NA,NA,NA,https://www.cipdh.gob.ar/transparencia/,Graciela Karababikian,2024-07-15T00:00:00Z
2024-07-15T11:27:32Z,2° Trimestre 2024 (Abril - Junio),Organismos Descentralizados,NA,NA,NA,"Hospital Nacional en Red Especializado en Salud Mental y Adicciones ""Lic. Laura Bonaparte""",NA,Si,Desactualizado,Si,Si,Desactualizado,Si,Parcialmente,Desactualizado,Si,Si,Parcialmente,Si,Si,Actualizado,Si,No,NA,NA,Parcialmente,Valor nulo,Si,Si,Actualizado,Si,Si,Actualizado,Si,Si,Actualizado,No,Si,Actualizado,Si,Si,Actualizado,Si,No,NA,NA,Si,Desactualizado,Si,No,NA,NA,No,NA,NA,No,NA,NA,Si,Desactualizado,Si,Si,Desactualizado,Si,Si,Desactualizado,Si,No,NA,NA,Si,Actualizado,Si,[A] Administración Central y Desconcentrada / Organismos Descentralizados / Entes del Sector Público Nacional,Si,Desactualizado,Si,NA,NA,NA,NA,NA,NA,https://www.argentina.gob.ar/salud/hospitalbonaparte,Julián Corvaglia,2024-07-15T00:00:00Z
